naics,industry,industry_cat
111110,Soybean Farming,"Agriculture, Forestry, Fishing and Hunting"
111120,Oilseed (except Soybean) Farming ,"Agriculture, Forestry, Fishing and Hunting"
111130,Dry Pea and Bean Farming ,"Agriculture, Forestry, Fishing and Hunting"
111140,Wheat Farming,"Agriculture, Forestry, Fishing and Hunting"
111150,Corn Farming ,"Agriculture, Forestry, Fishing and Hunting"
111160,Rice Farming,"Agriculture, Forestry, Fishing and Hunting"
111191,Oilseed and Grain Combination Farming ,"Agriculture, Forestry, Fishing and Hunting"
111199,All Other Grain Farming ,"Agriculture, Forestry, Fishing and Hunting"
111211,Potato Farming ,"Agriculture, Forestry, Fishing and Hunting"
111219,Other Vegetable (except Potato) and Melon Farming ,"Agriculture, Forestry, Fishing and Hunting"
111310,Orange Groves,"Agriculture, Forestry, Fishing and Hunting"
111320,Citrus (except Orange) Groves ,"Agriculture, Forestry, Fishing and Hunting"
111331,Apple Orchards ,"Agriculture, Forestry, Fishing and Hunting"
111332,Grape Vineyards ,"Agriculture, Forestry, Fishing and Hunting"
111333,Strawberry Farming ,"Agriculture, Forestry, Fishing and Hunting"
111334,Berry (except Strawberry) Farming ,"Agriculture, Forestry, Fishing and Hunting"
111335,Tree Nut Farming ,"Agriculture, Forestry, Fishing and Hunting"
111336,Fruit and Tree Nut Combination Farming ,"Agriculture, Forestry, Fishing and Hunting"
111339,Other Noncitrus Fruit Farming ,"Agriculture, Forestry, Fishing and Hunting"
111411,Mushroom Production ,"Agriculture, Forestry, Fishing and Hunting"
111419,Other Food Crops Grown Under Cover ,"Agriculture, Forestry, Fishing and Hunting"
111421,Nursery and Tree Production ,"Agriculture, Forestry, Fishing and Hunting"
111422,Floriculture Production ,"Agriculture, Forestry, Fishing and Hunting"
111910,Tobacco Farming,"Agriculture, Forestry, Fishing and Hunting"
111920,Cotton Farming,"Agriculture, Forestry, Fishing and Hunting"
111930,Sugarcane Farming,"Agriculture, Forestry, Fishing and Hunting"
111940,Hay Farming ,"Agriculture, Forestry, Fishing and Hunting"
111991,Sugar Beet Farming ,"Agriculture, Forestry, Fishing and Hunting"
111992,Peanut Farming ,"Agriculture, Forestry, Fishing and Hunting"
111998,All Other Miscellaneous Crop Farming ,"Agriculture, Forestry, Fishing and Hunting"
112111,Beef Cattle Ranching and Farming ,"Agriculture, Forestry, Fishing and Hunting"
112112,Cattle Feedlots ,"Agriculture, Forestry, Fishing and Hunting"
112120,Dairy Cattle and Milk Production,"Agriculture, Forestry, Fishing and Hunting"
112130,Dual-Purpose Cattle Ranching and Farming ,"Agriculture, Forestry, Fishing and Hunting"
112210,Hog and Pig Farming ,"Agriculture, Forestry, Fishing and Hunting"
112310,Chicken Egg Production ,"Agriculture, Forestry, Fishing and Hunting"
112320,Broilers and Other Meat Type Chicken Production ,"Agriculture, Forestry, Fishing and Hunting"
112330,Turkey Production,"Agriculture, Forestry, Fishing and Hunting"
112340,Poultry Hatcheries,"Agriculture, Forestry, Fishing and Hunting"
112390,Other Poultry Production ,"Agriculture, Forestry, Fishing and Hunting"
112410,Sheep Farming,"Agriculture, Forestry, Fishing and Hunting"
112420,Goat Farming,"Agriculture, Forestry, Fishing and Hunting"
112511,Finfish Farming and Fish Hatcheries ,"Agriculture, Forestry, Fishing and Hunting"
112512,Shellfish Farming ,"Agriculture, Forestry, Fishing and Hunting"
112519,Other Aquaculture ,"Agriculture, Forestry, Fishing and Hunting"
112910,Apiculture,"Agriculture, Forestry, Fishing and Hunting"
112920,Horses and Other Equine Production,"Agriculture, Forestry, Fishing and Hunting"
112930,Fur-Bearing Animal and Rabbit Production,"Agriculture, Forestry, Fishing and Hunting"
112990,All Other Animal Production ,"Agriculture, Forestry, Fishing and Hunting"
113110,Timber Tract Operations,"Agriculture, Forestry, Fishing and Hunting"
113210,Forest Nurseries and Gathering of Forest Products ,"Agriculture, Forestry, Fishing and Hunting"
113310,Logging ,"Agriculture, Forestry, Fishing and Hunting"
114111,Finfish Fishing ,"Agriculture, Forestry, Fishing and Hunting"
114112,Shellfish Fishing ,"Agriculture, Forestry, Fishing and Hunting"
114119,Other Marine Fishing ,"Agriculture, Forestry, Fishing and Hunting"
114210,Hunting and Trapping,"Agriculture, Forestry, Fishing and Hunting"
115111,Cotton Ginning ,"Agriculture, Forestry, Fishing and Hunting"
115112,"Soil Preparation, Planting, and Cultivating ","Agriculture, Forestry, Fishing and Hunting"
115113,"Crop Harvesting, Primarily by Machine ","Agriculture, Forestry, Fishing and Hunting"
115114,Postharvest Crop Activities (except Cotton Ginning) ,"Agriculture, Forestry, Fishing and Hunting"
115115,Farm Labor Contractors and Crew Leaders ,"Agriculture, Forestry, Fishing and Hunting"
115116,Farm Management Services ,"Agriculture, Forestry, Fishing and Hunting"
115210,Support Activities for Animal Production,"Agriculture, Forestry, Fishing and Hunting"
115310,Support Activities for Forestry,"Agriculture, Forestry, Fishing and Hunting"
211120,Crude Petroleum Extraction ,"Mining, Quarrying, and Oil and Gas Extraction"
211130,Natural Gas Extraction ,"Mining, Quarrying, and Oil and Gas Extraction"
212111,Bituminous Coal and Lignite Surface Mining ,"Mining, Quarrying, and Oil and Gas Extraction"
212112,Bituminous Coal Underground Mining ,"Mining, Quarrying, and Oil and Gas Extraction"
212113,Anthracite Mining ,"Mining, Quarrying, and Oil and Gas Extraction"
212210,Iron Ore Mining,"Mining, Quarrying, and Oil and Gas Extraction"
212221,Gold Ore Mining ,"Mining, Quarrying, and Oil and Gas Extraction"
212222,Silver Ore Mining ,"Mining, Quarrying, and Oil and Gas Extraction"
212230,"Copper, Nickel, Lead, and Zinc Mining ","Mining, Quarrying, and Oil and Gas Extraction"
212291,Uranium-Radium-Vanadium Ore Mining ,"Mining, Quarrying, and Oil and Gas Extraction"
212299,All Other Metal Ore Mining ,"Mining, Quarrying, and Oil and Gas Extraction"
212311,Dimension Stone Mining and Quarrying ,"Mining, Quarrying, and Oil and Gas Extraction"
212312,Crushed and Broken Limestone Mining and Quarrying ,"Mining, Quarrying, and Oil and Gas Extraction"
212313,Crushed and Broken Granite Mining and Quarrying ,"Mining, Quarrying, and Oil and Gas Extraction"
212319,Other Crushed and Broken Stone Mining and Quarrying ,"Mining, Quarrying, and Oil and Gas Extraction"
212321,Construction Sand and Gravel Mining ,"Mining, Quarrying, and Oil and Gas Extraction"
212322,Industrial Sand Mining ,"Mining, Quarrying, and Oil and Gas Extraction"
212324,Kaolin and Ball Clay Mining ,"Mining, Quarrying, and Oil and Gas Extraction"
212325,Clay and Ceramic and Refractory Minerals Mining ,"Mining, Quarrying, and Oil and Gas Extraction"
212391,"Potash, Soda, and Borate Mineral Mining ","Mining, Quarrying, and Oil and Gas Extraction"
212392,Phosphate Rock Mining ,"Mining, Quarrying, and Oil and Gas Extraction"
212393,Other Chemical and Fertilizer Mineral Mining ,"Mining, Quarrying, and Oil and Gas Extraction"
212399,All Other Nonmetallic Mineral Mining ,"Mining, Quarrying, and Oil and Gas Extraction"
213111,Drilling Oil and Gas Wells,"Mining, Quarrying, and Oil and Gas Extraction"
213112,Support Activities for Oil and Gas Operations ,"Mining, Quarrying, and Oil and Gas Extraction"
213113,Support Activities for Coal Mining ,"Mining, Quarrying, and Oil and Gas Extraction"
213114,Support Activities for Metal Mining ,"Mining, Quarrying, and Oil and Gas Extraction"
213115,Support Activities for Nonmetallic Minerals (except Fuels) Mining ,"Mining, Quarrying, and Oil and Gas Extraction"
221111,Hydroelectric Power Generation ,
221112,Fossil Fuel Electric Power Generation ,Utilities
221113,Nuclear Electric Power Generation ,Utilities
221114,Solar Electric Power Generation ,Utilities
221115,Wind Electric Power Generation ,Utilities
221116,Geothermal Electric Power Generation ,Utilities
221117,Biomass Electric Power Generation ,Utilities
221118,Other Electric Power Generation ,Utilities
221121,Electric Bulk Power Transmission and Control ,Utilities
221122,Electric Power Distribution ,Utilities
221210,Natural Gas Distribution ,Utilities
221310,Water Supply and Irrigation Systems ,Utilities
221320,Sewage Treatment Facilities ,Utilities
221330,Steam and Air-Conditioning Supply ,Utilities
236115,New Single-Family Housing Construction (except For-Sale Builders) ,Utilities
236116,New Multifamily Housing Construction (except For-Sale Builders) ,Construction
236117,New Housing For-Sale Builders ,Construction
236118,Residential Remodelers ,Construction
236210,Industrial Building Construction ,Construction
236220,Commercial and Institutional Building Construction ,Construction
237110,Water and Sewer Line and Related Structures Construction ,Construction
237120,Oil and Gas Pipeline and Related Structures Construction ,Construction
237130,Power and Communication Line and Related Structures Construction ,Construction
237210,Land Subdivision ,Construction
237310,"Highway, Street, and Bridge Construction ",Construction
237990,Other Heavy and Civil Engineering Construction ,Construction
238110,Poured Concrete Foundation and Structure Contractors ,Construction
238120,Structural Steel and Precast Concrete Contractors ,Construction
238130,Framing Contractors ,Construction
238140,Masonry Contractors ,Construction
238150,Glass and Glazing Contractors ,Construction
238160,Roofing Contractors ,Construction
238170,Siding Contractors ,Construction
238190,"Other Foundation, Structure, and Building Exterior Contractors ",Construction
238210,Electrical Contractors and Other Wiring Installation Contractors,Construction
238220,"Plumbing, Heating, and Air-Conditioning Contractors ",Construction
238290,Other Building Equipment Contractors ,Construction
238310,Drywall and Insulation Contractors ,Construction
238320,Painting and Wall Covering Contractors,Construction
238330,Flooring Contractors,Construction
238340,Tile and Terrazzo Contractors,Construction
238350,Finish Carpentry Contractors,Construction
238390,Other Building Finishing Contractors,Construction
238910,Site Preparation Contractors,Construction
238990,All Other Specialty Trade Contractors,Construction
311111,Dog and Cat Food Manufacturing ,Manufacturing
311119,Other Animal Food Manufacturing ,Manufacturing
311211,Flour Milling ,Manufacturing
311212,Rice Milling ,Manufacturing
311213,Malt Manufacturing ,Manufacturing
311221,Wet Corn Milling ,Manufacturing
311224,Soybean and Other Oilseed Processing ,Manufacturing
311225,Fats and Oils Refining and Blending ,Manufacturing
311230,Breakfast Cereal Manufacturing,Manufacturing
311313,Beet Sugar Manufacturing ,Manufacturing
311314,Cane Sugar Manufacturing ,Manufacturing
311340,Nonchocolate Confectionery Manufacturing,Manufacturing
311351,Chocolate and Confectionery Manufacturing from Cacao Beans ,Manufacturing
311352,Confectionery Manufacturing from Purchased Chocolate ,Manufacturing
311411,"Frozen Fruit, Juice, and Vegetable Manufacturing ",Manufacturing
311412,Frozen Specialty Food Manufacturing ,Manufacturing
311421,Fruit and Vegetable Canning ,Manufacturing
311422,Specialty Canning ,Manufacturing
311423,Dried and Dehydrated Food Manufacturing ,Manufacturing
311511,Fluid Milk Manufacturing ,Manufacturing
311512,Creamery Butter Manufacturing ,Manufacturing
311513,Cheese Manufacturing ,Manufacturing
311514,"Dry, Condensed, and Evaporated Dairy Product Manufacturing ",Manufacturing
311520,Ice Cream and Frozen Dessert Manufacturing,Manufacturing
311611,Animal (except Poultry) Slaughtering ,Manufacturing
311612,Meat Processed from Carcasses ,Manufacturing
311613,Rendering and Meat Byproduct Processing ,Manufacturing
311615,Poultry Processing ,Manufacturing
311710,Seafood Product Preparation and Packaging,Manufacturing
311811,Retail Bakeries ,Manufacturing
311812,Commercial Bakeries ,Manufacturing
311813,"Frozen Cakes, Pies, and Other Pastries Manufacturing ",Manufacturing
311821,Cookie and Cracker Manufacturing ,Manufacturing
311824,"Dry Pasta, Dough, and Flour Mixes Manufacturing from Purchased Flour ",Manufacturing
311830,Tortilla Manufacturing,Manufacturing
311911,Roasted Nuts and Peanut Butter Manufacturing ,Manufacturing
311919,Other Snack Food Manufacturing ,Manufacturing
311920,Coffee and Tea Manufacturing ,Manufacturing
311930,Flavoring Syrup and Concentrate Manufacturing,Manufacturing
311941,"Mayonnaise, Dressing, and Other Prepared Sauce Manufacturing ",Manufacturing
311942,Spice and Extract Manufacturing ,Manufacturing
311991,Perishable Prepared Food Manufacturing ,Manufacturing
311999,All Other Miscellaneous Food Manufacturing ,Manufacturing
312111,Soft Drink Manufacturing ,Manufacturing
312112,Bottled Water Manufacturing ,Manufacturing
312113,Ice Manufacturing ,Manufacturing
312120,Breweries,Manufacturing
312130,Wineries ,Manufacturing
312140,Distilleries ,Manufacturing
312230,Tobacco Manufacturing ,Manufacturing
313110,"Fiber, Yarn, and Thread Mills ",Manufacturing
313210,Broadwoven Fabric Mills,Manufacturing
313220,Narrow Fabric Mills and Schiffli Machine Embroidery,Manufacturing
313230,Nonwoven Fabric Mills,Manufacturing
313240,Knit Fabric Mills,Manufacturing
313310,Textile and Fabric Finishing Mills ,Manufacturing
313320,Fabric Coating Mills,Manufacturing
314110,Carpet and Rug Mills,Manufacturing
314120,Curtain and Linen Mills,Manufacturing
314910,Textile Bag and Canvas Mills ,Manufacturing
314994,"Rope, Cordage, Twine, Tire Cord, and Tire Fabric Mills ",Manufacturing
314999,All Other Miscellaneous Textile Product Mills ,Manufacturing
315110,Hosiery and Sock Mills,Manufacturing
315190,Other Apparel Knitting Mills ,Manufacturing
315210,Cut and Sew Apparel Contractors ,Manufacturing
315220,Men’s and Boys’ Cut and Sew Apparel Manufacturing ,Manufacturing
315240,"Women’s, Girls’, and Infants’ Cut and Sew Apparel Manufacturing ",Manufacturing
315280,Other Cut and Sew Apparel Manufacturing ,Manufacturing
315990,Apparel Accessories and Other Apparel Manufacturing ,Manufacturing
316110,Leather and Hide Tanning and Finishing,Manufacturing
316210,Footwear Manufacturing ,Manufacturing
316992,Women's Handbag and Purse Manufacturing ,Manufacturing
316998,All Other Leather Good and Allied Product Manufacturing ,Manufacturing
321113,Sawmills ,Manufacturing
321114,Wood Preservation ,Manufacturing
321211,Hardwood Veneer and Plywood Manufacturing ,Manufacturing
321212,Softwood Veneer and Plywood Manufacturing ,Manufacturing
321213,Engineered Wood Member (except Truss) Manufacturing ,Manufacturing
321214,Truss Manufacturing ,Manufacturing
321219,Reconstituted Wood Product Manufacturing ,Manufacturing
321911,Wood Window and Door Manufacturing ,Manufacturing
321912,"Cut Stock, Resawing Lumber, and Planing ",Manufacturing
321918,Other Millwork (including Flooring) ,Manufacturing
321920,Wood Container and Pallet Manufacturing,Manufacturing
321991,Manufactured Home (Mobile Home) Manufacturing ,Manufacturing
321992,Prefabricated Wood Building Manufacturing ,Manufacturing
321999,All Other Miscellaneous Wood Product Manufacturing ,Manufacturing
322110,Pulp Mills ,Manufacturing
322121,Paper (except Newsprint) Mills ,Manufacturing
322122,Newsprint Mills ,Manufacturing
322130,Paperboard Mills ,Manufacturing
322211,Corrugated and Solid Fiber Box Manufacturing ,Manufacturing
322212,Folding Paperboard Box Manufacturing ,Manufacturing
322219,Other Paperboard Container Manufacturing ,Manufacturing
322220,Paper Bag and Coated and Treated Paper Manufacturing,Manufacturing
322230,Stationery Product Manufacturing,Manufacturing
322291,Sanitary Paper Product Manufacturing ,Manufacturing
322299,All Other Converted Paper Product Manufacturing ,Manufacturing
323111,Commercial Printing (except Screen and Books) ,Manufacturing
323113,Commercial Screen Printing ,Manufacturing
323117,Books Printing ,Manufacturing
323120,Support Activities for Printing,Manufacturing
324110,Petroleum Refineries,Manufacturing
324121,Asphalt Paving Mixture and Block Manufacturing ,Manufacturing
324122,Asphalt Shingle and Coating Materials Manufacturing ,Manufacturing
324191,Petroleum Lubricating Oil and Grease Manufacturing ,Manufacturing
324199,All Other Petroleum and Coal Products Manufacturing ,Manufacturing
325110,Petrochemical Manufacturing,Manufacturing
325120,Industrial Gas Manufacturing,Manufacturing
325130,Synthetic Dye and Pigment Manufacturing,Manufacturing
325180,Other Basic Inorganic Chemical Manufacturing ,Manufacturing
325193,Ethyl Alcohol Manufacturing ,Manufacturing
325194,"Cyclic Crude, Intermediate, and Gum and Wood Chemical Manufacturing ",Manufacturing
325199,All Other Basic Organic Chemical Manufacturing ,Manufacturing
325211,Plastics Material and Resin Manufacturing ,Manufacturing
325212,Synthetic Rubber Manufacturing ,Manufacturing
325220,Artificial and Synthetic Fibers and Filaments Manufacturing,Manufacturing
325311,Nitrogenous Fertilizer Manufacturing ,Manufacturing
325312,Phosphatic Fertilizer Manufacturing ,Manufacturing
325314,Fertilizer (Mixing Only) Manufacturing ,Manufacturing
325320,Pesticide and Other Agricultural Chemical Manufacturing,Manufacturing
325411,Medicinal and Botanical Manufacturing ,Manufacturing
325412,Pharmaceutical Preparation Manufacturing ,Manufacturing
325413,In-Vitro Diagnostic Substance Manufacturing ,Manufacturing
325414,Biological Product (except Diagnostic) Manufacturing ,Manufacturing
325510,Paint and Coating Manufacturing,Manufacturing
325520,Adhesive Manufacturing,Manufacturing
325611,Soap and Other Detergent Manufacturing ,Manufacturing
325612,Polish and Other Sanitation Good Manufacturing ,Manufacturing
325613,Surface Active Agent Manufacturing ,Manufacturing
325620,Toilet Preparation Manufacturing,Manufacturing
325910,Printing Ink Manufacturing,Manufacturing
325920,Explosives Manufacturing,Manufacturing
325991,Custom Compounding of Purchased Resins ,Manufacturing
325992,"Photographic Film, Paper, Plate, and Chemical Manufacturing ",Manufacturing
325998,All Other Miscellaneous Chemical Product and Preparation Manufacturing ,Manufacturing
326111,Plastics Bag and Pouch Manufacturing ,Manufacturing
326112,Plastics Packaging Film and Sheet (including Laminated) Manufacturing ,Manufacturing
326113,Unlaminated Plastics Film and Sheet (except Packaging) Manufacturing ,Manufacturing
326121,Unlaminated Plastics Profile Shape Manufacturing ,Manufacturing
326122,Plastics Pipe and Pipe Fitting Manufacturing ,Manufacturing
326130,"Laminated Plastics Plate, Sheet (except Packaging), and Shape Manufacturing",Manufacturing
326140,Polystyrene Foam Product Manufacturing,Manufacturing
326150,Urethane and Other Foam Product (except Polystyrene) Manufacturing,Manufacturing
326160,Plastics Bottle Manufacturing,Manufacturing
326191,Plastics Plumbing Fixture Manufacturing ,Manufacturing
326199,All Other Plastics Product Manufacturing ,Manufacturing
326211,Tire Manufacturing (except Retreading) ,Manufacturing
326212,Tire Retreading ,Manufacturing
326220,Rubber and Plastics Hoses and Belting Manufacturing,Manufacturing
326291,Rubber Product Manufacturing for Mechanical Use ,Manufacturing
326299,All Other Rubber Product Manufacturing ,Manufacturing
327110,"Pottery, Ceramics, and Plumbing Fixture Manufacturing ",Manufacturing
327120,Clay Building Material and Refractories Manufacturing ,Manufacturing
327211,Flat Glass Manufacturing ,Manufacturing
327212,Other Pressed and Blown Glass and Glassware Manufacturing ,Manufacturing
327213,Glass Container Manufacturing ,Manufacturing
327215,Glass Product Manufacturing Made of Purchased Glass ,Manufacturing
327310,Cement Manufacturing,Manufacturing
327320,Ready-Mix Concrete Manufacturing,Manufacturing
327331,Concrete Block and Brick Manufacturing ,Manufacturing
327332,Concrete Pipe Manufacturing ,Manufacturing
327390,Other Concrete Product Manufacturing ,Manufacturing
327410,Lime Manufacturing,Manufacturing
327420,Gypsum Product Manufacturing,Manufacturing
327910,Abrasive Product Manufacturing,Manufacturing
327991,Cut Stone and Stone Product Manufacturing ,Manufacturing
327992,Ground or Treated Mineral and Earth Manufacturing ,Manufacturing
327993,Mineral Wool Manufacturing ,Manufacturing
327999,All Other Miscellaneous Nonmetallic Mineral Product Manufacturing ,Manufacturing
331110,Iron and Steel Mills and Ferroalloy Manufacturing ,Manufacturing
331210,Iron and Steel Pipe and Tube Manufacturing from Purchased Steel,Manufacturing
331221,Rolled Steel Shape Manufacturing ,Manufacturing
331222,Steel Wire Drawing ,Manufacturing
331313,Alumina Refining and Primary Aluminum Production ,Manufacturing
331314,Secondary Smelting and Alloying of Aluminum ,Manufacturing
331315,"Aluminum Sheet, Plate, and Foil Manufacturing ",Manufacturing
331318,"Other Aluminum Rolling, Drawing, and Extruding ",Manufacturing
331410,Nonferrous Metal (except Aluminum) Smelting and Refining ,Manufacturing
331420,"Copper Rolling, Drawing, Extruding, and Alloying",Manufacturing
331491,"Nonferrous Metal (except Copper and Aluminum) Rolling, Drawing, and Extruding ",Manufacturing
331492,"Secondary Smelting, Refining, and Alloying of Nonferrous Metal (except Copper and Aluminum) ",Manufacturing
331511,Iron Foundries ,Manufacturing
331512,Steel Investment Foundries ,Manufacturing
331513,Steel Foundries (except Investment) ,Manufacturing
331523,Nonferrous Metal Die-Casting Foundries ,Manufacturing
331524,Aluminum Foundries (except Die-Casting) ,Manufacturing
331529,Other Nonferrous Metal Foundries (except Die-Casting) ,Manufacturing
332111,Iron and Steel Forging ,Manufacturing
332112,Nonferrous Forging ,Manufacturing
332114,Custom Roll Forming ,Manufacturing
332117,Powder Metallurgy Part Manufacturing ,Manufacturing
332119,"Metal Crown, Closure, and Other Metal Stamping (except Automotive) ",Manufacturing
332215,"Metal Kitchen Cookware, Utensil, Cutlery, and Flatware (except Precious) Manufacturing ",Manufacturing
332216,Saw Blade and Handtool Manufacturing ,Manufacturing
332311,Prefabricated Metal Building and Component Manufacturing ,Manufacturing
332312,Fabricated Structural Metal Manufacturing ,Manufacturing
332313,Plate Work Manufacturing ,Manufacturing
332321,Metal Window and Door Manufacturing ,Manufacturing
332322,Sheet Metal Work Manufacturing ,Manufacturing
332323,Ornamental and Architectural Metal Work Manufacturing ,Manufacturing
332410,Power Boiler and Heat Exchanger Manufacturing,Manufacturing
332420,Metal Tank (Heavy Gauge) Manufacturing,Manufacturing
332431,Metal Can Manufacturing ,Manufacturing
332439,Other Metal Container Manufacturing ,Manufacturing
332510,Hardware Manufacturing,Manufacturing
332613,Spring Manufacturing ,Manufacturing
332618,Other Fabricated Wire Product Manufacturing ,Manufacturing
332710,Machine Shops,Manufacturing
332721,Precision Turned Product Manufacturing ,Manufacturing
332722,"Bolt, Nut, Screw, Rivet, and Washer Manufacturing ",Manufacturing
332811,Metal Heat Treating ,Manufacturing
332812,"Metal Coating, Engraving (except Jewelry and Silverware), and Allied Services to Manufacturers ",Manufacturing
332813,"Electroplating, Plating, Polishing, Anodizing, and Coloring ",Manufacturing
332911,Industrial Valve Manufacturing ,Manufacturing
332912,Fluid Power Valve and Hose Fitting Manufacturing ,Manufacturing
332913,Plumbing Fixture Fitting and Trim Manufacturing ,Manufacturing
332919,Other Metal Valve and Pipe Fitting Manufacturing ,Manufacturing
332991,Ball and Roller Bearing Manufacturing,Manufacturing
332992,Small Arms Ammunition Manufacturing ,Manufacturing
332993,Ammunition (except Small Arms) Manufacturing ,Manufacturing
332994,"Small Arms, Ordnance, and Ordnance Accessories Manufacturing ",Manufacturing
332996,Fabricated Pipe and Pipe Fitting Manufacturing ,Manufacturing
332999,All Other Miscellaneous Fabricated Metal Product Manufacturing ,Manufacturing
333111,Farm Machinery and Equipment Manufacturing ,Manufacturing
333112,Lawn and Garden Tractor and Home Lawn and Garden Equipment Manufacturing ,Manufacturing
333120,Construction Machinery Manufacturing,Manufacturing
333131,Mining Machinery and Equipment Manufacturing ,Manufacturing
333132,Oil and Gas Field Machinery and Equipment Manufacturing ,Manufacturing
333241,Food Product Machinery Manufacturing ,Manufacturing
333242,Semiconductor Machinery Manufacturing ,Manufacturing
333243,"Sawmill, Woodworking, and Paper Machinery Manufacturing ",Manufacturing
333244,Printing Machinery and Equipment Manufacturing ,Manufacturing
333249,Other Industrial Machinery Manufacturing ,Manufacturing
333314,Optical Instrument and Lens Manufacturing ,Manufacturing
333316,Photographic and Photocopying Equipment Manufacturing ,Manufacturing
333318,Other Commercial and Service Industry Machinery Manufacturing ,Manufacturing
333413,Industrial and Commercial Fan and Blower and Air Purification Equipment Manufacturing ,Manufacturing
333414,Heating Equipment (except Warm Air Furnaces) Manufacturing ,Manufacturing
333415,Air-Conditioning and Warm Air Heating Equipment and Commercial and Industrial Refrigeration Equipment Manufacturing ,Manufacturing
333511,Industrial Mold Manufacturing ,Manufacturing
333514,"Special Die and Tool, Die Set, Jig, and Fixture Manufacturing ",Manufacturing
333515,Cutting Tool and Machine Tool Accessory Manufacturing ,Manufacturing
333517,Machine Tool Manufacturing ,Manufacturing
333519,Rolling Mill and Other Metalworking Machinery Manufacturing ,Manufacturing
333611,Turbine and Turbine Generator Set Units Manufacturing ,Manufacturing
333612,"Speed Changer, Industrial High-Speed Drive, and Gear Manufacturing ",Manufacturing
333613,Mechanical Power Transmission Equipment Manufacturing ,Manufacturing
333618,Other Engine Equipment Manufacturing ,Manufacturing
333912,Air and Gas Compressor Manufacturing ,Manufacturing
333914,"Measuring, Dispensing, and Other Pumping Equipment Manufacturing ",Manufacturing
333921,Elevator and Moving Stairway Manufacturing ,Manufacturing
333922,Conveyor and Conveying Equipment Manufacturing ,Manufacturing
333923,"Overhead Traveling Crane, Hoist, and Monorail System Manufacturing ",Manufacturing
333924,"Industrial Truck, Tractor, Trailer, and Stacker Machinery Manufacturing ",Manufacturing
333991,Power-Driven Handtool Manufacturing ,Manufacturing
333992,Welding and Soldering Equipment Manufacturing ,Manufacturing
333993,Packaging Machinery Manufacturing ,Manufacturing
333994,Industrial Process Furnace and Oven Manufacturing ,Manufacturing
333995,Fluid Power Cylinder and Actuator Manufacturing ,Manufacturing
333996,Fluid Power Pump and Motor Manufacturing ,Manufacturing
333997,Scale and Balance Manufacturing ,Manufacturing
333999,All Other Miscellaneous General Purpose Machinery Manufacturing ,Manufacturing
334111,Electronic Computer Manufacturing ,Manufacturing
334112,Computer Storage Device Manufacturing ,Manufacturing
334118,Computer Terminal and Other Computer Peripheral Equipment Manufacturing ,Manufacturing
334210,Telephone Apparatus Manufacturing,Manufacturing
334220,Radio and Television Broadcasting and Wireless Communications Equipment Manufacturing,Manufacturing
334290,Other Communications Equipment Manufacturing,Manufacturing
334310,Audio and Video Equipment Manufacturing,Manufacturing
334412,Bare Printed Circuit Board Manufacturing  ,Manufacturing
334413,Semiconductor and Related Device Manufacturing ,Manufacturing
334416,"Capacitor, Resistor, Coil, Transformer, and Other Inductor Manufacturing ",Manufacturing
334417,Electronic Connector Manufacturing ,Manufacturing
334418,Printed Circuit Assembly (Electronic Assembly) Manufacturing ,Manufacturing
334419,Other Electronic Component Manufacturing ,Manufacturing
334510,Electromedical and Electrotherapeutic Apparatus Manufacturing ,Manufacturing
334511,"Search, Detection, Navigation, Guidance, Aeronautical, and Nautical System and Instrument Manufacturing ",Manufacturing
334512,"Automatic Environmental Control Manufacturing for Residential, Commercial, and Appliance Use ",Manufacturing
334513,"Instruments and Related Products Manufacturing for Measuring, Displaying, and Controlling Industrial Process Variables ",Manufacturing
334514,Totalizing Fluid Meter and Counting Device Manufacturing ,Manufacturing
334515,Instrument Manufacturing for Measuring and Testing Electricity and Electrical Signals ,Manufacturing
334516,Analytical Laboratory Instrument Manufacturing ,Manufacturing
334517,Irradiation Apparatus Manufacturing ,Manufacturing
334519,Other Measuring and Controlling Device Manufacturing ,Manufacturing
334613,Blank Magnetic and Optical Recording Media Manufacturing ,Manufacturing
334614,"Software and Other Prerecorded Compact Disc, Tape, and Record Reproducing ",Manufacturing
335110,Electric Lamp Bulb and Part Manufacturing,Manufacturing
335121,Residential Electric Lighting Fixture Manufacturing ,Manufacturing
335122,"Commercial, Industrial, and Institutional Electric Lighting Fixture Manufacturing ",Manufacturing
335129,Other Lighting Equipment Manufacturing ,Manufacturing
335210,Small Electrical Appliance Manufacturing,Manufacturing
335220,Major Household Appliance Manufacturing ,Manufacturing
335311,"Power, Distribution, and Specialty Transformer Manufacturing ",Manufacturing
335312,Motor and Generator Manufacturing ,Manufacturing
335313,Switchgear and Switchboard Apparatus Manufacturing ,Manufacturing
335314,Relay and Industrial Control Manufacturing ,Manufacturing
335911,Storage Battery Manufacturing ,Manufacturing
335912,Primary Battery Manufacturing ,Manufacturing
335921,Fiber Optic Cable Manufacturing ,Manufacturing
335929,Other Communication and Energy Wire Manufacturing ,Manufacturing
335931,Current-Carrying Wiring Device Manufacturing ,Manufacturing
335932,Noncurrent-Carrying Wiring Device Manufacturing ,Manufacturing
335991,Carbon and Graphite Product Manufacturing ,Manufacturing
335999,All Other Miscellaneous Electrical Equipment and Component Manufacturing ,Manufacturing
336111,Automobile Manufacturing ,Manufacturing
336112,Light Truck and Utility Vehicle Manufacturing ,Manufacturing
336120,Heavy Duty Truck Manufacturing,Manufacturing
336211,Motor Vehicle Body Manufacturing ,Manufacturing
336212,Truck Trailer Manufacturing ,Manufacturing
336213,Motor Home Manufacturing ,Manufacturing
336214,Travel Trailer and Camper Manufacturing ,Manufacturing
336310,Motor Vehicle Gasoline Engine and Engine Parts Manufacturing,Manufacturing
336320,Motor Vehicle Electrical and Electronic Equipment Manufacturing,Manufacturing
336330,Motor Vehicle Steering and Suspension Components (except Spring) Manufacturing,Manufacturing
336340,Motor Vehicle Brake System Manufacturing,Manufacturing
336350,Motor Vehicle Transmission and Power Train Parts Manufacturing,Manufacturing
336360,Motor Vehicle Seating and Interior Trim Manufacturing,Manufacturing
336370,Motor Vehicle Metal Stamping,Manufacturing
336390,Other Motor Vehicle Parts Manufacturing,Manufacturing
336411,Aircraft Manufacturing ,Manufacturing
336412,Aircraft Engine and Engine Parts Manufacturing ,Manufacturing
336413,Other Aircraft Parts and Auxiliary Equipment Manufacturing ,Manufacturing
336414,Guided Missile and Space Vehicle Manufacturing ,Manufacturing
336415,Guided Missile and Space Vehicle Propulsion Unit and Propulsion Unit Parts Manufacturing ,Manufacturing
336419,Other Guided Missile and Space Vehicle Parts and Auxiliary Equipment Manufacturing ,Manufacturing
336510,Railroad Rolling Stock Manufacturing,Manufacturing
336611,Ship Building and Repairing ,Manufacturing
336612,Boat Building ,Manufacturing
336991,"Motorcycle, Bicycle, and Parts Manufacturing ",Manufacturing
336992,"Military Armored Vehicle, Tank, and Tank Component Manufacturing ",Manufacturing
336999,All Other Transportation Equipment Manufacturing ,Manufacturing
337110,Wood Kitchen Cabinet and Countertop Manufacturing,Manufacturing
337121,Upholstered Household Furniture Manufacturing ,Manufacturing
337122,Nonupholstered Wood Household Furniture Manufacturing ,Manufacturing
337124,Metal Household Furniture Manufacturing ,Manufacturing
337125,Household Furniture (except Wood and Metal) Manufacturing ,Manufacturing
337127,Institutional Furniture Manufacturing ,Manufacturing
337211,Wood Office Furniture Manufacturing ,Manufacturing
337212,Custom Architectural Woodwork and Millwork Manufacturing ,Manufacturing
337214,Office Furniture (except Wood) Manufacturing ,Manufacturing
337215,"Showcase, Partition, Shelving, and Locker Manufacturing ",Manufacturing
337910,Mattress Manufacturing,Manufacturing
337920,Blind and Shade Manufacturing,Manufacturing
339112,Surgical and Medical Instrument Manufacturing ,Manufacturing
339113,Surgical Appliance and Supplies Manufacturing ,Manufacturing
339114,Dental Equipment and Supplies Manufacturing ,Manufacturing
339115,Ophthalmic Goods Manufacturing ,Manufacturing
339116,Dental Laboratories ,Manufacturing
339910,Jewelry and Silverware Manufacturing ,Manufacturing
339920,Sporting and Athletic Goods Manufacturing,Manufacturing
339930,"Doll, Toy, and Game Manufacturing",Manufacturing
339940,Office Supplies (except Paper) Manufacturing,Manufacturing
339950,Sign Manufacturing,Manufacturing
339991,"Gasket, Packing, and Sealing Device Manufacturing ",Manufacturing
339992,Musical Instrument Manufacturing ,Manufacturing
339993,"Fastener, Button, Needle, and Pin Manufacturing ",Manufacturing
339994,"Broom, Brush, and Mop Manufacturing ",Manufacturing
339995,Burial Casket Manufacturing ,Manufacturing
339999,All Other Miscellaneous Manufacturing ,Manufacturing
423110,Automobile and Other Motor Vehicle Merchant Wholesalers ,Wholesale Trade
423120,Motor Vehicle Supplies and New Parts Merchant Wholesalers ,Wholesale Trade
423130,Tire and Tube Merchant Wholesalers ,Wholesale Trade
423140,Motor Vehicle Parts (Used) Merchant Wholesalers ,Wholesale Trade
423210,Furniture Merchant Wholesalers ,Wholesale Trade
423220,Home Furnishing Merchant Wholesalers ,Wholesale Trade
423310,"Lumber, Plywood, Millwork, and Wood Panel Merchant Wholesalers ",Wholesale Trade
423320,"Brick, Stone, and Related Construction Material Merchant Wholesalers ",Wholesale Trade
423330,"Roofing, Siding, and Insulation Material Merchant Wholesalers ",Wholesale Trade
423390,Other Construction Material Merchant Wholesalers ,Wholesale Trade
423410,Photographic Equipment and Supplies Merchant Wholesalers ,Wholesale Trade
423420,Office Equipment Merchant Wholesalers ,Wholesale Trade
423430,Computer and Computer Peripheral Equipment and Software Merchant Wholesalers ,Wholesale Trade
423440,Other Commercial Equipment Merchant Wholesalers ,Wholesale Trade
423450,"Medical, Dental, and Hospital Equipment and Supplies Merchant Wholesalers ",Wholesale Trade
423460,Ophthalmic Goods Merchant Wholesalers ,Wholesale Trade
423490,Other Professional Equipment and Supplies Merchant Wholesalers ,Wholesale Trade
423510,Metal Service Centers and Other Metal Merchant Wholesalers ,Wholesale Trade
423520,Coal and Other Mineral and Ore Merchant Wholesalers ,Wholesale Trade
423610,"Electrical Apparatus and Equipment, Wiring Supplies, and Related Equipment Merchant Wholesalers ",Wholesale Trade
423620,"Household Appliances, Electric Housewares, and Consumer Electronics Merchant Wholesalers ",Wholesale Trade
423690,Other Electronic Parts and Equipment Merchant Wholesalers ,Wholesale Trade
423710,Hardware Merchant Wholesalers ,Wholesale Trade
423720,Plumbing and Heating Equipment and Supplies (Hydronics) Merchant Wholesalers ,Wholesale Trade
423730,Warm Air Heating and Air-Conditioning Equipment and Supplies Merchant Wholesalers ,Wholesale Trade
423740,Refrigeration Equipment and Supplies Merchant Wholesalers ,Wholesale Trade
423810,Construction and Mining (except Oil Well) Machinery and Equipment Merchant Wholesalers ,Wholesale Trade
423820,Farm and Garden Machinery and Equipment Merchant Wholesalers ,Wholesale Trade
423830,Industrial Machinery and Equipment Merchant Wholesalers ,Wholesale Trade
423840,Industrial Supplies Merchant Wholesalers,Wholesale Trade
423850,Service Establishment Equipment and Supplies Merchant Wholesalers ,Wholesale Trade
423860,Transportation Equipment and Supplies (except Motor Vehicle) Merchant Wholesalers ,Wholesale Trade
423910,Sporting and Recreational Goods and Supplies Merchant Wholesalers ,Wholesale Trade
423920,Toy and Hobby Goods and Supplies Merchant Wholesalers ,Wholesale Trade
423930,Recyclable Material Merchant Wholesalers ,Wholesale Trade
423940,"Jewelry, Watch, Precious Stone, and Precious Metal Merchant Wholesalers ",Wholesale Trade
423990,Other Miscellaneous Durable Goods Merchant Wholesalers ,Wholesale Trade
424110,Printing and Writing Paper Merchant Wholesalers ,Wholesale Trade
424120,Stationery and Office Supplies Merchant Wholesalers ,Wholesale Trade
424130,Industrial and Personal Service Paper Merchant Wholesalers ,Wholesale Trade
424210,Drugs and Druggists' Sundries Merchant Wholesalers ,Wholesale Trade
424310,"Piece Goods, Notions, and Other Dry Goods Merchant Wholesalers ",Wholesale Trade
424320,Men's and Boys' Clothing and Furnishings Merchant Wholesalers ,Wholesale Trade
424330,"Women's, Children's, and Infants' Clothing and Accessories Merchant Wholesalers ",Wholesale Trade
424340,Footwear Merchant Wholesalers ,Wholesale Trade
424410,General Line Grocery Merchant Wholesalers ,Wholesale Trade
424420,Packaged Frozen Food Merchant Wholesalers ,Wholesale Trade
424430,Dairy Product (except Dried or Canned) Merchant Wholesalers ,Wholesale Trade
424440,Poultry and Poultry Product Merchant Wholesalers ,Wholesale Trade
424450,Confectionery Merchant Wholesalers ,Wholesale Trade
424460,Fish and Seafood Merchant Wholesalers ,Wholesale Trade
424470,Meat and Meat Product Merchant Wholesalers ,Wholesale Trade
424480,Fresh Fruit and Vegetable Merchant Wholesalers ,Wholesale Trade
424490,Other Grocery and Related Products Merchant Wholesalers ,Wholesale Trade
424510,Grain and Field Bean Merchant Wholesalers ,Wholesale Trade
424520,Livestock Merchant Wholesalers ,Wholesale Trade
424590,Other Farm Product Raw Material Merchant Wholesalers ,Wholesale Trade
424610,Plastics Materials and Basic Forms and Shapes Merchant Wholesalers ,Wholesale Trade
424690,Other Chemical and Allied Products Merchant Wholesalers ,Wholesale Trade
424710,Petroleum Bulk Stations and Terminals ,Wholesale Trade
424720,Petroleum and Petroleum Products Merchant Wholesalers (except Bulk Stations and Terminals) ,Wholesale Trade
424810,Beer and Ale Merchant Wholesalers ,Wholesale Trade
424820,Wine and Distilled Alcoholic Beverage Merchant Wholesalers ,Wholesale Trade
424910,Farm Supplies Merchant Wholesalers ,Wholesale Trade
424920,"Book, Periodical, and Newspaper Merchant Wholesalers ",Wholesale Trade
424930,"Flower, Nursery Stock, and Florists' Supplies Merchant Wholesalers ",Wholesale Trade
424940,Tobacco and Tobacco Product Merchant Wholesalers ,Wholesale Trade
424950,"Paint, Varnish, and Supplies Merchant Wholesalers ",Wholesale Trade
424990,Other Miscellaneous Nondurable Goods Merchant Wholesalers ,Wholesale Trade
425110,Business to Business Electronic Markets ,Wholesale Trade
425120,Wholesale Trade Agents and Brokers ,Wholesale Trade
441110,New Car Dealers ,Retail Trade
441120,Used Car Dealers ,Retail Trade
441210,Recreational Vehicle Dealers ,Retail Trade
441222,Boat Dealers ,Retail Trade
441228,"Motorcycle, ATV, and All Other Motor Vehicle Dealers ",Retail Trade
441310,Automotive Parts and Accessories Stores ,Retail Trade
441320,Tire Dealers ,Retail Trade
442110,Furniture Stores ,Retail Trade
442210,Floor Covering Stores ,Retail Trade
442291,Window Treatment Stores ,Retail Trade
442299,All Other Home Furnishings Stores ,Retail Trade
443141,Household Appliance Stores ,Retail Trade
443142,Electronics Stores ,Retail Trade
444110,Home Centers ,Retail Trade
444120,Paint and Wallpaper Stores ,Retail Trade
444130,Hardware Stores ,Retail Trade
444190,Other Building Material Dealers ,Retail Trade
444210,Outdoor Power Equipment Stores ,Retail Trade
444220,"Nursery, Garden Center, and Farm Supply Stores ",Retail Trade
445110,Supermarkets and Other Grocery (except Convenience) Stores ,Retail Trade
445120,Convenience Stores ,Retail Trade
445210,Meat Markets ,Retail Trade
445220,Fish and Seafood Markets ,Retail Trade
445230,Fruit and Vegetable Markets ,Retail Trade
445291,Baked Goods Stores ,Retail Trade
445292,Confectionery and Nut Stores ,Retail Trade
445299,All Other Specialty Food Stores ,Retail Trade
445310,"Beer, Wine, and Liquor Stores ",Retail Trade
446110,Pharmacies and Drug Stores ,Retail Trade
446120,"Cosmetics, Beauty Supplies, and Perfume Stores ",Retail Trade
446130,Optical Goods Stores ,Retail Trade
446191,Food (Health) Supplement Stores ,Retail Trade
446199,All Other Health and Personal Care Stores ,Retail Trade
447110,Gasoline Stations with Convenience Stores ,Retail Trade
447190,Other Gasoline Stations ,Retail Trade
448110,Men's Clothing Stores ,Retail Trade
448120,Women's Clothing Stores ,Retail Trade
448130,Children's and Infants' Clothing Stores ,Retail Trade
448140,Family Clothing Stores ,Retail Trade
448150,Clothing Accessories Stores ,Retail Trade
448190,Other Clothing Stores ,Retail Trade
448210,Shoe Stores ,Retail Trade
448310,Jewelry Stores ,Retail Trade
448320,Luggage and Leather Goods Stores ,Retail Trade
451110,Sporting Goods Stores ,Retail Trade
451120,"Hobby, Toy, and Game Stores ",Retail Trade
451130,"Sewing, Needlework, and Piece Goods Stores ",Retail Trade
451140,Musical Instrument and Supplies Stores ,Retail Trade
451211,Book Stores ,Retail Trade
451212,News Dealers and Newsstands ,Retail Trade
452210,Department Stores ,Retail Trade
452311,Warehouse Clubs and Supercenters ,Retail Trade
452319,All Other General Merchandise Stores ,Retail Trade
453110,Florists ,Retail Trade
453210,Office Supplies and Stationery Stores ,Retail Trade
453220,"Gift, Novelty, and Souvenir Stores ",Retail Trade
453310,Used Merchandise Stores ,Retail Trade
453910,Pet and Pet Supplies Stores ,Retail Trade
453920,Art Dealers ,Retail Trade
453930,Manufactured (Mobile) Home Dealers ,Retail Trade
453991,Tobacco Stores ,Retail Trade
453998,All Other Miscellaneous Store Retailers (except Tobacco Stores) ,Retail Trade
454110,Electronic Shopping and Mail-Order Houses ,Retail Trade
454210,Vending Machine Operators ,Retail Trade
454310,Fuel Dealers ,Retail Trade
454390,Other Direct Selling Establishments ,Retail Trade
481111,Scheduled Passenger Air Transportation ,Transportation
481112,Scheduled Freight Air Transportation ,Transportation
481211,Nonscheduled Chartered Passenger Air Transportation ,Transportation
481212,Nonscheduled Chartered Freight Air Transportation ,Transportation
481219,Other Nonscheduled Air Transportation ,Transportation
482111,Line-Haul Railroads ,Transportation
482112,Short Line Railroads ,Transportation
483111,Deep Sea Freight Transportation ,Transportation
483112,Deep Sea Passenger Transportation ,Transportation
483113,Coastal and Great Lakes Freight Transportation ,Transportation
483114,Coastal and Great Lakes Passenger Transportation ,Transportation
483211,Inland Water Freight Transportation ,Transportation
483212,Inland Water Passenger Transportation ,Transportation
484110,"General Freight Trucking, Local ",Transportation
484121,"General Freight Trucking, Long-Distance, Truckload ",Transportation
484122,"General Freight Trucking, Long-Distance, Less Than Truckload ",Transportation
484210,Used Household and Office Goods Moving,Transportation
484220,"Specialized Freight (except Used Goods) Trucking, Local ",Transportation
484230,"Specialized Freight (except Used Goods) Trucking, Long-Distance ",Transportation
485111,Mixed Mode Transit Systems ,Transportation
485112,Commuter Rail Systems ,Transportation
485113,Bus and Other Motor Vehicle Transit Systems ,Transportation
485119,Other Urban Transit Systems ,Transportation
485210,Interurban and Rural Bus Transportation,Transportation
485310,Taxi Service ,Transportation
485320,Limousine Service,Transportation
485410,School and Employee Bus Transportation,Transportation
485510,Charter Bus Industry,Transportation
485991,Special Needs Transportation ,Transportation
485999,All Other Transit and Ground Passenger Transportation ,Transportation
486110,Pipeline Transportation of Crude Oil,Transportation
486210,Pipeline Transportation of Natural Gas,Transportation
486910,Pipeline Transportation of Refined Petroleum Products,Transportation
486990,All Other Pipeline Transportation,Transportation
487110,"Scenic and Sightseeing Transportation, Land",Transportation
487210,"Scenic and Sightseeing Transportation, Water",Transportation
487990,"Scenic and Sightseeing Transportation, Other",Transportation
488111,Air Traffic Control,Transportation
488119,Other Airport Operations ,Transportation
488190,Other Support Activities for Air Transportation,Transportation
488210,Support Activities for Rail Transportation,Transportation
488310,Port and Harbor Operations,Transportation
488320,Marine Cargo Handling,Transportation
488330,Navigational Services to Shipping ,Transportation
488390,Other Support Activities for Water Transportation,Transportation
488410,Motor Vehicle Towing,Transportation
488490,Other Support Activities for Road Transportation ,Transportation
488510,Freight Transportation Arrangement ,Transportation
488991,Packing and Crating ,Transportation
488999,All Other Support Activities for Transportation ,Transportation
491110,Postal Service,Transportation
492110,Couriers and Express Delivery Services,Transportation
492210,Local Messengers and Local Delivery,Transportation
493110,General Warehousing and Storage ,Transportation
493120,Refrigerated Warehousing and Storage,Transportation
493130,Farm Product Warehousing and Storage,Transportation
493190,Other Warehousing and Storage,Transportation
511110,Newspaper Publishers ,Information
511120,Periodical Publishers ,Information
511130,Book Publishers ,Information
511140,Directory and Mailing List Publishers ,Information
511191,Greeting Card Publishers ,Information
511199,All Other Publishers ,Information
511210,Software Publishers,Information
512110,Motion Picture and Video Production ,Information
512120,Motion Picture and Video Distribution,Information
512131,Motion Picture Theaters (except Drive-Ins) ,Information
512132,Drive-In Motion Picture Theaters ,Information
512191,Teleproduction and Other Postproduction Services ,Information
512199,Other Motion Picture and Video Industries ,Information
512230,Music Publishers,Information
512240,Sound Recording Studios,Information
512250,Record Production and Distribution,Information
512290,Other Sound Recording Industries,Information
515111,Radio Networks ,Information
515112,Radio Stations ,Information
515120,Television Broadcasting,Information
515210,Cable and Other Subscription Programming,Information
517311,Wired Telecommunications Carriers ,Information
517312,Wireless Telecommunications Carriers (except Satellite),Information
517410,Satellite Telecommunications,Information
517911,Telecommunications Resellers ,Information
517919,All Other Telecommunications ,Information
518210,"Data Processing, Hosting, and Related Services",Information
519110,News Syndicates,Information
519120,Libraries and Archives ,Information
519130,Internet Publishing and Broadcasting and Web Search Portals,Information
519190,All Other Information Services,Information
521110,Monetary Authorities-Central Bank,Finance and Insurance
522110,Commercial Banking ,Finance and Insurance
522120,Savings Institutions ,Finance and Insurance
522130,Credit Unions ,Finance and Insurance
522190,Other Depository Credit Intermediation ,Finance and Insurance
522210,Credit Card Issuing ,Finance and Insurance
522220,Sales Financing ,Finance and Insurance
522291,Consumer Lending ,Finance and Insurance
522292,Real Estate Credit ,Finance and Insurance
522293,International Trade Financing ,Finance and Insurance
522294,Secondary Market Financing ,Finance and Insurance
522298,All Other Nondepository Credit Intermediation ,Finance and Insurance
522310,Mortgage and Nonmortgage Loan Brokers ,Finance and Insurance
522320,"Financial Transactions Processing, Reserve, and Clearinghouse Activities ",Finance and Insurance
522390,Other Activities Related to Credit Intermediation ,Finance and Insurance
523110,Investment Banking and Securities Dealing ,Finance and Insurance
523120,Securities Brokerage ,Finance and Insurance
523130,Commodity Contracts Dealing ,Finance and Insurance
523140,Commodity Contracts Brokerage ,Finance and Insurance
523210,Securities and Commodity Exchanges,Finance and Insurance
523910,Miscellaneous Intermediation ,Finance and Insurance
523920,Portfolio Management ,Finance and Insurance
523930,Investment Advice ,Finance and Insurance
523991,"Trust, Fiduciary, and Custody Activities ",Finance and Insurance
523999,Miscellaneous Financial Investment Activities ,Finance and Insurance
524113,Direct Life Insurance Carriers ,Finance and Insurance
524114,Direct Health and Medical Insurance Carriers ,Finance and Insurance
524126,Direct Property and Casualty Insurance Carriers ,Finance and Insurance
524127,Direct Title Insurance Carriers ,Finance and Insurance
524128,"Other Direct Insurance (except Life, Health, and Medical) Carriers ",Finance and Insurance
524130,Reinsurance Carriers ,Finance and Insurance
524210,Insurance Agencies and Brokerages ,Finance and Insurance
524291,Claims Adjusting ,Finance and Insurance
524292,Third Party Administration of Insurance and Pension Funds ,Finance and Insurance
524298,All Other Insurance Related Activities ,Finance and Insurance
525110,Pension Funds ,Finance and Insurance
525120,Health and Welfare Funds ,Finance and Insurance
525190,Other Insurance Funds ,Finance and Insurance
525910,Open-End Investment Funds ,Finance and Insurance
525920,"Trusts, Estates, and Agency Accounts ",Finance and Insurance
525990,Other Financial Vehicles ,Finance and Insurance
531110,Lessors of Residential Buildings and Dwellings ,Real Estate and Rental and Leasing
531120,Lessors of Nonresidential Buildings (except Miniwarehouses) ,Real Estate and Rental and Leasing
531130,Lessors of Miniwarehouses and Self-Storage Units ,Real Estate and Rental and Leasing
531190,Lessors of Other Real Estate Property ,Real Estate and Rental and Leasing
531210,Offices of Real Estate Agents and Brokers,Real Estate and Rental and Leasing
531311,Residential Property Managers ,Real Estate and Rental and Leasing
531312,Nonresidential Property Managers ,Real Estate and Rental and Leasing
531320,Offices of Real Estate Appraisers ,Real Estate and Rental and Leasing
531390,Other Activities Related to Real Estate ,Real Estate and Rental and Leasing
532111,Passenger Car Rental ,Real Estate and Rental and Leasing
532112,Passenger Car Leasing ,Real Estate and Rental and Leasing
532120,"Truck, Utility Trailer, and RV (Recreational Vehicle) Rental and Leasing ",Real Estate and Rental and Leasing
532210,Consumer Electronics and Appliances Rental,Real Estate and Rental and Leasing
532281,Formal Wear and Costume Rental,Real Estate and Rental and Leasing
532282,Video Tape and Disc Rental,Real Estate and Rental and Leasing
532283,Home Health Equipment Rental ,Real Estate and Rental and Leasing
532284,Recreational Goods Rental ,Real Estate and Rental and Leasing
532289,All Other Consumer Goods Rental ,Real Estate and Rental and Leasing
532310,General Rental Centers,Real Estate and Rental and Leasing
532411,"Commercial Air, Rail, and Water Transportation Equipment Rental and Leasing ",Real Estate and Rental and Leasing
532412,"Construction, Mining, and Forestry Machinery and Equipment Rental and Leasing ",Real Estate and Rental and Leasing
532420,Office Machinery and Equipment Rental and Leasing,Real Estate and Rental and Leasing
532490,Other Commercial and Industrial Machinery and Equipment Rental and Leasing ,Real Estate and Rental and Leasing
533110,Lessors of Nonfinancial Intangible Assets (except Copyrighted Works),Real Estate and Rental and Leasing
541110,Offices of Lawyers,"Professional, Scientific, and Technical Services"
541120,Offices of Notaries,"Professional, Scientific, and Technical Services"
541191,Title Abstract and Settlement Offices ,"Professional, Scientific, and Technical Services"
541199,All Other Legal Services ,"Professional, Scientific, and Technical Services"
541211,Offices of Certified Public Accountants ,"Professional, Scientific, and Technical Services"
541213,Tax Preparation Services ,"Professional, Scientific, and Technical Services"
541214,Payroll Services ,"Professional, Scientific, and Technical Services"
541219,Other Accounting Services ,"Professional, Scientific, and Technical Services"
541310,Architectural Services,"Professional, Scientific, and Technical Services"
541320,Landscape Architectural Services,"Professional, Scientific, and Technical Services"
541330,Engineering Services,"Professional, Scientific, and Technical Services"
541340,Drafting Services,"Professional, Scientific, and Technical Services"
541350,Building Inspection Services,"Professional, Scientific, and Technical Services"
541360,Geophysical Surveying and Mapping Services,"Professional, Scientific, and Technical Services"
541370,Surveying and Mapping (except Geophysical) Services,"Professional, Scientific, and Technical Services"
541380,Testing Laboratories,"Professional, Scientific, and Technical Services"
541410,Interior Design Services,"Professional, Scientific, and Technical Services"
541420,Industrial Design Services,"Professional, Scientific, and Technical Services"
541430,Graphic Design Services,"Professional, Scientific, and Technical Services"
541490,Other Specialized Design Services,"Professional, Scientific, and Technical Services"
541511,Custom Computer Programming Services ,"Professional, Scientific, and Technical Services"
541512,Computer Systems Design Services ,"Professional, Scientific, and Technical Services"
541513,Computer Facilities Management Services ,"Professional, Scientific, and Technical Services"
541519,Other Computer Related Services,"Professional, Scientific, and Technical Services"
541611,Administrative Management and General Management Consulting Services ,"Professional, Scientific, and Technical Services"
541612,Human Resources Consulting Services ,"Professional, Scientific, and Technical Services"
541613,Marketing Consulting Services ,"Professional, Scientific, and Technical Services"
541614,"Process, Physical Distribution, and Logistics Consulting Services ","Professional, Scientific, and Technical Services"
541618,Other Management Consulting Services ,"Professional, Scientific, and Technical Services"
541620,Environmental Consulting Services,"Professional, Scientific, and Technical Services"
541690,Other Scientific and Technical Consulting Services,"Professional, Scientific, and Technical Services"
541713,Research and Development in Nanotechnology ,"Professional, Scientific, and Technical Services"
541714,Research and Development in Biotechnology (except Nanobiotechnology),"Professional, Scientific, and Technical Services"
541715,"Research and Development in the Physical, Engineering, and Life Sciences (except Nanotechnology and Biotechnology) ","Professional, Scientific, and Technical Services"
541720,Research and Development in the Social Sciences and Humanities ,"Professional, Scientific, and Technical Services"
541810,Advertising Agencies,"Professional, Scientific, and Technical Services"
541820,Public Relations Agencies,"Professional, Scientific, and Technical Services"
541830,Media Buying Agencies,"Professional, Scientific, and Technical Services"
541840,Media Representatives,"Professional, Scientific, and Technical Services"
541850,Outdoor Advertising,"Professional, Scientific, and Technical Services"
541860,Direct Mail Advertising,"Professional, Scientific, and Technical Services"
541870,Advertising Material Distribution Services,"Professional, Scientific, and Technical Services"
541890,Other Services Related to Advertising ,"Professional, Scientific, and Technical Services"
541910,Marketing Research and Public Opinion Polling,"Professional, Scientific, and Technical Services"
541921,"Photography Studios, Portrait ","Professional, Scientific, and Technical Services"
541922,Commercial Photography ,"Professional, Scientific, and Technical Services"
541930,Translation and Interpretation Services,"Professional, Scientific, and Technical Services"
541940,Veterinary Services ,"Professional, Scientific, and Technical Services"
541990,"All Other Professional, Scientific, and Technical Services","Professional, Scientific, and Technical Services"
551111,Offices of Bank Holding Companies ,Management of Companies and Enterprises
551112,Offices of Other Holding Companies ,Management of Companies and Enterprises
551114,"Corporate, Subsidiary, and Regional Managing Offices ",Management of Companies and Enterprises
561110,Office Administrative Services,Administrative and Support and Waste Management and Remediation Services
561210,Facilities Support Services,Administrative and Support and Waste Management and Remediation Services
561311,Employment Placement Agencies ,Administrative and Support and Waste Management and Remediation Services
561312,Executive Search Services ,Administrative and Support and Waste Management and Remediation Services
561320,Temporary Help Services,Administrative and Support and Waste Management and Remediation Services
561330,Professional Employer Organizations,Administrative and Support and Waste Management and Remediation Services
561410,Document Preparation Services,Administrative and Support and Waste Management and Remediation Services
561421,Telephone Answering Services ,Administrative and Support and Waste Management and Remediation Services
561422,Telemarketing Bureaus and Other Contact Centers ,Administrative and Support and Waste Management and Remediation Services
561431,Private Mail Centers ,Administrative and Support and Waste Management and Remediation Services
561439,Other Business Service Centers (including Copy Shops) ,Administrative and Support and Waste Management and Remediation Services
561440,Collection Agencies,Administrative and Support and Waste Management and Remediation Services
561450,Credit Bureaus,Administrative and Support and Waste Management and Remediation Services
561491,Repossession Services ,Administrative and Support and Waste Management and Remediation Services
561492,Court Reporting and Stenotype Services ,Administrative and Support and Waste Management and Remediation Services
561499,All Other Business Support Services ,Administrative and Support and Waste Management and Remediation Services
561510,Travel Agencies,Administrative and Support and Waste Management and Remediation Services
561520,Tour Operators,Administrative and Support and Waste Management and Remediation Services
561591,Convention and Visitors Bureaus ,Administrative and Support and Waste Management and Remediation Services
561599,All Other Travel Arrangement and Reservation Services ,Administrative and Support and Waste Management and Remediation Services
561611,Investigation Services ,Administrative and Support and Waste Management and Remediation Services
561612,Security Guards and Patrol Services ,Administrative and Support and Waste Management and Remediation Services
561613,Armored Car Services ,Administrative and Support and Waste Management and Remediation Services
561621,Security Systems Services (except Locksmiths) ,Administrative and Support and Waste Management and Remediation Services
561622,Locksmiths ,Administrative and Support and Waste Management and Remediation Services
561710,Exterminating and Pest Control Services,Administrative and Support and Waste Management and Remediation Services
561720,Janitorial Services ,Administrative and Support and Waste Management and Remediation Services
561730,Landscaping Services,Administrative and Support and Waste Management and Remediation Services
561740,Carpet and Upholstery Cleaning Services,Administrative and Support and Waste Management and Remediation Services
561790,Other Services to Buildings and Dwellings ,Administrative and Support and Waste Management and Remediation Services
561910,Packaging and Labeling Services,Administrative and Support and Waste Management and Remediation Services
561920,Convention and Trade Show Organizers,Administrative and Support and Waste Management and Remediation Services
561990,All Other Support Services,Administrative and Support and Waste Management and Remediation Services
562111,Solid Waste Collection ,Administrative and Support and Waste Management and Remediation Services
562112,Hazardous Waste Collection ,Administrative and Support and Waste Management and Remediation Services
562119,Other Waste Collection ,Administrative and Support and Waste Management and Remediation Services
562211,Hazardous Waste Treatment and Disposal ,Administrative and Support and Waste Management and Remediation Services
562212,Solid Waste Landfill ,Administrative and Support and Waste Management and Remediation Services
562213,Solid Waste Combustors and Incinerators ,Administrative and Support and Waste Management and Remediation Services
562219,Other Nonhazardous Waste Treatment and Disposal ,Administrative and Support and Waste Management and Remediation Services
562910,Remediation Services ,Administrative and Support and Waste Management and Remediation Services
562920,Materials Recovery Facilities ,Administrative and Support and Waste Management and Remediation Services
562991,Septic Tank and Related Services ,Administrative and Support and Waste Management and Remediation Services
562998,All Other Miscellaneous Waste Management Services ,Administrative and Support and Waste Management and Remediation Services
611110,Elementary and Secondary Schools ,Educational Services
611210,Junior Colleges ,Educational Services
611310,"Colleges, Universities, and Professional Schools ",Educational Services
611410,Business and Secretarial Schools ,Educational Services
611420,Computer Training ,Educational Services
611430,Professional and Management Development Training ,Educational Services
611511,Cosmetology and Barber Schools ,Educational Services
611512,Flight Training ,Educational Services
611513,Apprenticeship Training ,Educational Services
611519,Other Technical and Trade Schools ,Educational Services
611610,Fine Arts Schools ,Educational Services
611620,Sports and Recreation Instruction ,Educational Services
611630,Language Schools ,Educational Services
611691,Exam Preparation and Tutoring ,Educational Services
611692,Automobile Driving Schools ,Educational Services
611699,All Other Miscellaneous Schools and Instruction ,Educational Services
611710,Educational Support Services,Educational Services
621111,Offices of Physicians (except Mental Health Specialists) ,Health Care and Social Assistance
621112,"Offices of Physicians, Mental Health Specialists ",Health Care and Social Assistance
621210,Offices of Dentists ,Health Care and Social Assistance
621310,Offices of Chiropractors ,Health Care and Social Assistance
621320,Offices of Optometrists,Health Care and Social Assistance
621330,Offices of Mental Health Practitioners (except Physicians) ,Health Care and Social Assistance
621340,"Offices of Physical, Occupational and Speech Therapists, and Audiologists ",Health Care and Social Assistance
621391,Offices of Podiatrists ,Health Care and Social Assistance
621399,Offices of All Other Miscellaneous Health Practitioners ,Health Care and Social Assistance
621410,Family Planning Centers ,Health Care and Social Assistance
621420,Outpatient Mental Health and Substance Abuse Centers ,Health Care and Social Assistance
621491,HMO Medical Centers ,Health Care and Social Assistance
621492,Kidney Dialysis Centers ,Health Care and Social Assistance
621493,Freestanding Ambulatory Surgical and Emergency Centers ,Health Care and Social Assistance
621498,All Other Outpatient Care Centers ,Health Care and Social Assistance
621511,Medical Laboratories ,Health Care and Social Assistance
621512,Diagnostic Imaging Centers ,Health Care and Social Assistance
621610,Home Health Care Services,Health Care and Social Assistance
621910,Ambulance Services ,Health Care and Social Assistance
621991,Blood and Organ Banks ,Health Care and Social Assistance
621999,All Other Miscellaneous Ambulatory Health Care Services ,Health Care and Social Assistance
622110,General Medical and Surgical Hospitals ,Health Care and Social Assistance
622210,Psychiatric and Substance Abuse Hospitals ,Health Care and Social Assistance
622310,Specialty (except Psychiatric and Substance Abuse) Hospitals ,Health Care and Social Assistance
623110,Nursing Care Facilities (Skilled Nursing Facilities) ,Health Care and Social Assistance
623210,Residential Intellectual and Developmental Disability Facilities ,Health Care and Social Assistance
623220,Residential Mental Health and Substance Abuse Facilities ,Health Care and Social Assistance
623311,Continuing Care Retirement Communities ,Health Care and Social Assistance
623312,Assisted Living Facilities for the Elderly ,Health Care and Social Assistance
623990,Other Residential Care Facilities ,Health Care and Social Assistance
624110,Child and Youth Services ,Health Care and Social Assistance
624120,Services for the Elderly and Persons with Disabilities ,Health Care and Social Assistance
624190,Other Individual and Family Services ,Health Care and Social Assistance
624210,Community Food Services ,Health Care and Social Assistance
624221,Temporary Shelters ,Health Care and Social Assistance
624229,Other Community Housing Services ,Health Care and Social Assistance
624230,Emergency and Other Relief Services ,Health Care and Social Assistance
624310,Vocational Rehabilitation Services ,Health Care and Social Assistance
624410,Child Day Care Services ,Health Care and Social Assistance
711110,Theater Companies and Dinner Theaters ,"Arts, Entertainment, and Recreation"
711120,Dance Companies ,"Arts, Entertainment, and Recreation"
711130,Musical Groups and Artists ,"Arts, Entertainment, and Recreation"
711190,Other Performing Arts Companies ,"Arts, Entertainment, and Recreation"
711211,Sports Teams and Clubs ,"Arts, Entertainment, and Recreation"
711212,Racetracks ,"Arts, Entertainment, and Recreation"
711219,Other Spectator Sports ,"Arts, Entertainment, and Recreation"
711310,"Promoters of Performing Arts, Sports, and Similar Events with Facilities ","Arts, Entertainment, and Recreation"
711320,"Promoters of Performing Arts, Sports, and Similar Events without Facilities ","Arts, Entertainment, and Recreation"
711410,"Agents and Managers for Artists, Athletes, Entertainers, and Other Public Figures","Arts, Entertainment, and Recreation"
711510,"Independent Artists, Writers, and Performers ","Arts, Entertainment, and Recreation"
712110,Museums ,"Arts, Entertainment, and Recreation"
712120,Historical Sites,"Arts, Entertainment, and Recreation"
712130,Zoos and Botanical Gardens ,"Arts, Entertainment, and Recreation"
712190,Nature Parks and Other Similar Institutions,"Arts, Entertainment, and Recreation"
713110,Amusement and Theme Parks ,"Arts, Entertainment, and Recreation"
713120,Amusement Arcades,"Arts, Entertainment, and Recreation"
713210,Casinos (except Casino Hotels),"Arts, Entertainment, and Recreation"
713290,Other Gambling Industries ,"Arts, Entertainment, and Recreation"
713910,Golf Courses and Country Clubs,"Arts, Entertainment, and Recreation"
713920,Skiing Facilities,"Arts, Entertainment, and Recreation"
713930,Marinas,"Arts, Entertainment, and Recreation"
713940,Fitness and Recreational Sports Centers ,"Arts, Entertainment, and Recreation"
713950,Bowling Centers,"Arts, Entertainment, and Recreation"
713990,All Other Amusement and Recreation Industries ,"Arts, Entertainment, and Recreation"
721110,Hotels (except Casino Hotels) and Motels ,Accommodation and Food Services
721120,Casino Hotels,Accommodation and Food Services
721191,Bed-and-Breakfast Inns ,Accommodation and Food Services
721199,All Other Traveler Accommodation ,Accommodation and Food Services
721211,RV (Recreational Vehicle) Parks and Campgrounds ,Accommodation and Food Services
721214,Recreational and Vacation Camps (except Campgrounds) ,Accommodation and Food Services
721310,"Rooming and Boarding Houses, Dormitories, and Workers' Camps ",Accommodation and Food Services
722310,Food Service Contractors,Accommodation and Food Services
722320,Caterers,Accommodation and Food Services
722330,Mobile Food Services,Accommodation and Food Services
722410,Drinking Places (Alcoholic Beverages) ,Accommodation and Food Services
722511,Full-Service Restaurants ,Accommodation and Food Services
722513,Limited-Service Restaurants ,Accommodation and Food Services
722514,"Cafeterias, Grill Buffets, and Buffets ",Accommodation and Food Services
722515,Snack and Nonalcoholic Beverage Bars ,Accommodation and Food Services
811111,General Automotive Repair ,Other Services (except Public Administration)
811112,Automotive Exhaust System Repair ,Other Services (except Public Administration)
811113,Automotive Transmission Repair ,Other Services (except Public Administration)
811118,Other Automotive Mechanical and Electrical Repair and Maintenance ,Other Services (except Public Administration)
811121,"Automotive Body, Paint, and Interior Repair and Maintenance ",Other Services (except Public Administration)
811122,Automotive Glass Replacement Shops ,Other Services (except Public Administration)
811191,Automotive Oil Change and Lubrication Shops ,Other Services (except Public Administration)
811192,Car Washes ,Other Services (except Public Administration)
811198,All Other Automotive Repair and Maintenance ,Other Services (except Public Administration)
811211,Consumer Electronics Repair and Maintenance ,Other Services (except Public Administration)
811212,Computer and Office Machine Repair and Maintenance ,Other Services (except Public Administration)
811213,Communication Equipment Repair and Maintenance ,Other Services (except Public Administration)
811219,Other Electronic and Precision Equipment Repair and Maintenance ,Other Services (except Public Administration)
811310,Commercial and Industrial Machinery and Equipment (except Automotive and Electronic) Repair and Maintenance ,Other Services (except Public Administration)
811411,Home and Garden Equipment Repair and Maintenance ,Other Services (except Public Administration)
811412,Appliance Repair and Maintenance ,Other Services (except Public Administration)
811420,Reupholstery and Furniture Repair,Other Services (except Public Administration)
811430,Footwear and Leather Goods Repair,Other Services (except Public Administration)
811490,Other Personal and Household Goods Repair and Maintenance ,Other Services (except Public Administration)
812111,Barber Shops ,Other Services (except Public Administration)
812112,Beauty Salons ,Other Services (except Public Administration)
812113,Nail Salons ,Other Services (except Public Administration)
812191,Diet and Weight Reducing Centers ,Other Services (except Public Administration)
812199,Other Personal Care Services ,Other Services (except Public Administration)
812210,Funeral Homes and Funeral Services ,Other Services (except Public Administration)
812220,Cemeteries and Crematories ,Other Services (except Public Administration)
812310,Coin-Operated Laundries and Drycleaners ,Other Services (except Public Administration)
812320,Drycleaning and Laundry Services (except Coin-Operated) ,Other Services (except Public Administration)
812331,Linen Supply ,Other Services (except Public Administration)
812332,Industrial Launderers ,Other Services (except Public Administration)
812910,Pet Care (except Veterinary) Services ,Other Services (except Public Administration)
812921,Photofinishing Laboratories (except One-Hour) ,Other Services (except Public Administration)
812922,One-Hour Photofinishing ,Other Services (except Public Administration)
812930,Parking Lots and Garages ,Other Services (except Public Administration)
812990,All Other Personal Services ,Other Services (except Public Administration)
813110,Religious Organizations ,Other Services (except Public Administration)
813211,Grantmaking Foundations ,Other Services (except Public Administration)
813212,Voluntary Health Organizations ,Other Services (except Public Administration)
813219,Other Grantmaking and Giving Services ,Other Services (except Public Administration)
813311,Human Rights Organizations ,Other Services (except Public Administration)
813312,"Environment, Conservation and Wildlife Organizations ",Other Services (except Public Administration)
813319,Other Social Advocacy Organizations ,Other Services (except Public Administration)
813410,Civic and Social Organizations ,Other Services (except Public Administration)
813910,Business Associations ,Other Services (except Public Administration)
813920,Professional Organizations ,Other Services (except Public Administration)
813930,Labor Unions and Similar Labor Organizations ,Other Services (except Public Administration)
813940,Political Organizations ,Other Services (except Public Administration)
813990,"Other Similar Organizations (except Business, Professional, Labor, and Political Organizations) ",Other Services (except Public Administration)
814110,Private Households,Other Services (except Public Administration)
921110,Executive Offices ,Public Administration
921120,Legislative Bodies ,Public Administration
921130,Public Finance Activities ,Public Administration
921140,"Executive and Legislative Offices, Combined ",Public Administration
921150,American Indian and Alaska Native Tribal Governments ,Public Administration
921190,Other General Government Support ,Public Administration
922110,Courts ,Public Administration
922120,Police Protection ,Public Administration
922130,Legal Counsel and Prosecution ,Public Administration
922140,Correctional Institutions ,Public Administration
922150,Parole Offices and Probation Offices ,Public Administration
922160,Fire Protection ,Public Administration
922190,"Other Justice, Public Order, and Safety Activities ",Public Administration
923110,Administration of Education Programs ,Public Administration
923120,Administration of Public Health Programs ,Public Administration
923130,"Administration of Human Resource Programs (except Education, Public Health, and Veterans' Affairs Programs) ",Public Administration
923140,Administration of Veterans' Affairs ,Public Administration
924110,Administration of Air and Water Resource and Solid Waste Management Programs ,Public Administration
924120,Administration of Conservation Programs ,Public Administration
925110,Administration of Housing Programs ,Public Administration
925120,Administration of Urban Planning and Community and Rural Development ,Public Administration
926110,Administration of General Economic Programs ,Public Administration
926120,Regulation and Administration of Transportation Programs ,Public Administration
926130,"Regulation and Administration of Communications, Electric, Gas, and Other Utilities ",Public Administration
926140,Regulation of Agricultural Marketing and Commodities ,Public Administration
926150,"Regulation, Licensing, and Inspection of Miscellaneous Commercial Sectors ",Public Administration
927110,Space Research and Technology ,Public Administration
928110,National Security ,Public Administration
928120,International Affairs ,Public Administration